"","X","profile_id","upper_depth","latitude","longitude","dsds","profile_layer_id","lower_depth","layer_name","sand_value_avg","silt_value_avg","clay_value_avg","bdfiod_value_avg","bdfiod_method","orgc_value_avg","totc_value_avg","orgc_sd","cstock_t.ha","landcover"
"1",92,67886,0,37.15,-7.88333333,90,33549,20,"A",12,39,49,NA,NA,1,NA,0.608276253029822,22.6082862626882,"Grassland"
"2",101,67887,0,38,-7.58333333,70,33552,13,"A",43,32,25,NA,NA,0.5,NA,0.282842712474619,8.2541795123049,"Grassland"
"3",105,67888,0,37.13333333,-8.53333333,90,33554,70,"A/B",21,41,38,NA,NA,0.8,NA,NA,61.5481874451511,"Permanent water bodies"
"4",114,67889,0,37.08333333,-8.25,70,33557,25,"A",13,39,48,NA,NA,0.8,NA,0.424264068711929,22.7381335731222,"Permanent water bodies"
"5",123,67890,0,37,-8.93333333,65,33560,15,"A",18,58,24,NA,NA,0.4,NA,0.141421356237309,7.24916578625509,"Permanent water bodies"
"6",132,67918,0,38.08333333,-7.58333333,65,33703,22,"A",58,24,18,NA,NA,0.2,NA,0,5.82423039848157,"Grassland"
"7",141,68001,0,38.01666667,-7.75,85,34132,25,"A",63,23,14,NA,NA,0.45,NA,0.0707106781186547,14.7125894111294,"Tree cover"
"8",150,68242,0,37.83333333,-8.66666667,155,35306,20,"A",31,54,15,NA,NA,0.73,NA,0.854224794770089,17.4092799562156,"Tree cover"
"9",175,68243,0,38.01666667,-7.86666667,155,35311,10,"A",18,47,35,NA,NA,0.45,NA,0.0707106781186547,5.51550413754511,"Built-up"
"10",191,68244,0,38.01666667,-7.86666667,55,35315,8,"A",10,43,47,NA,NA,0.95,NA,0.353553390593274,8.94560134528886,"Built-up"
"13",624,598878,0,38.83330154,-8,90,3089902,20,NA,76,NA,9,NA,NA,0.333333333333333,NA,0.251661147842358,NA,"Grassland"
"16",641,598982,0,37.78329849,-7.83330011,60,3090394,20,NA,62,NA,16,NA,NA,0.333333333333333,NA,0.251661147842358,NA,"Grassland"
"21",699,607070,0,38.46170044,-8.3083868,25,3111260,25,NA,NA,13.5,7.2,NA,NA,4.05,NA,NA,105.38901462209,"Grassland"
"22",700,607071,0,38.75806046,-8.10728455,60,3111261,30,NA,NA,17.9,7.8,NA,NA,0.87,NA,0.89095454429505,33.8259651091556,"Grassland"
"24",705,607073,0,38.41859818,-7.5049572,50,3111264,25,NA,NA,16.6,11.9,NA,NA,2.2,NA,0.282842712474619,64.0776251088794,"Grassland"
"25",709,607074,0,38.78963089,-8.30956268,40,3111266,20,NA,NA,12,8.3,NA,NA,0.485,NA,0.388908729652601,13.4236170932216,"Cropland"
"26",713,607075,0,38.96660995,-7.75237513,70,3111268,25,NA,NA,11.1,5.4,NA,NA,0.433333333333333,NA,0.21594752448994,15.1166325875834,"Grassland"
"27",722,607076,0,38.14242172,-8.6071043,75,3111271,30,NA,NA,13.8,7.4,NA,NA,1.43333333333333,NA,1.15578256317239,53.9161401906755,"Grassland"
"28",731,607077,0,38.16226959,-7.6608429,115,3111274,30,NA,NA,16.5,9.8,NA,NA,1.64666666666667,NA,1.62838365667718,60.0209158528723,"Grassland"
"29",740,607078,0,38.54270935,-7.84919405,125,3111277,30,NA,NA,14,12,NA,NA,0.62,NA,0.782304288624318,24.5974783058379,"Grassland"
"30",765,607079,0,38.06320953,-7.98647785,70,3111282,15,NA,NA,8.6,5.5,NA,NA,0.473333333333333,NA,0.181475434517549,10.1428210378711,"Permanent water bodies"
"31",774,607080,0,38.13906097,-7.48920918,85,3111285,25,NA,NA,10.8,8.8,NA,NA,0.2625,NA,0.323148572641131,9.20630142769443,"Grassland"
"32",790,607081,0,38.12728882,-7.30386686,140,3111289,40,NA,NA,23.5,17.1,NA,NA,2.635,NA,2.32712268692478,113.664720873135,"Cropland"
"33",806,607082,0,37.99626923,-7.72580624,120,3111293,20,NA,NA,13.6,9.2,NA,NA,0.365,NA,0.438976081352959,10.1314532932142,"Tree cover"
"34",822,607083,0,37.1242981,-8.46393108,115,3111297,20,NA,NA,41.4,17.4,NA,NA,2.62,NA,1.17345643293648,55.7377172300906,"Grassland"
"35",847,607084,0,37.08150101,-8.94087696,80,3111302,15,NA,NA,17.1,14.3,NA,NA,2.035,NA,1.65556636834649,36.3709235862244,"Cropland"
"36",863,607085,0,38.56354904,-8.96909904,125,3111306,30,NA,NA,17.2,8,NA,NA,3.82,NA,1.83847763108502,119.286791330792,"Grassland"
"37",879,607086,0,38.50164032,-8.99526119,105,3111310,20,NA,NA,14.5,8.2,NA,NA,1.63,NA,0.870229854693575,40.6343479385741,"Shrubland"
"39",911,607088,0,38.48624039,-8.35441208,155,3111318,25,NA,NA,13.5,8.8,NA,NA,4.27,NA,1.45663996924429,109.101498283069,"Grassland"
"40",927,607089,0,38.95330048,-7.71131516,110,3111322,20,NA,NA,26.4,9.1,NA,NA,2.715,NA,1.54856385079854,60.3294193569636,"Grassland"
"42",959,607091,0,37.96818924,-7.87823391,110,3111330,20,NA,NA,16.3,12.2,NA,NA,0.316666666666667,NA,0.22722969289539,8.67230493175411,"Cropland"
"43",975,607092,0,37.8492012,-7.83527613,105,3111334,22,NA,NA,20,13.9,NA,NA,1.79,NA,2.23340547147176,46.8815432852317,"Cropland"
"44",991,607093,0,37.1561203,-7.88075209,77,3111338,28,NA,NA,34.1,16,NA,NA,1.575,NA,1.32228968081884,50.7963347934808,"Grassland"
"45",1000,607094,0,38.75080872,-7.98090076,130,3111341,25,NA,NA,55.3,21.6,NA,NA,2.7,NA,1.0299514551667,68.6098678955268,"Grassland"
"46",1025,607095,0,37.08753967,-7.88928795,100,3111346,25,NA,NA,16.8,14.1,NA,NA,0.67,NA,0.579827560572969,21.8913144831431,"Grassland"
"47",1041,607096,0,38.05247116,-8.13763618,70,3111350,20,NA,NA,18.7,14.1,NA,NA,1.35,NA,0.622253967444162,33.4805428910176,"Grassland"
"48",1050,607097,0,38.04550934,-7.45840216,65,3111353,15,NA,NA,13.8,8.7,NA,NA,0.27,NA,0.0565685424949239,5.73961463206644,"Grassland"
"49",1059,607098,0,37.70980072,-8.11549473,115,3111356,30,NA,NA,9.3,8.3,NA,NA,2.445,NA,0.0353553390593276,85.8172569701378,"Grassland"
"50",1075,607099,0,38.01115036,-7.301651,120,3111360,20,NA,NA,22.5,12.1,NA,NA,1.275,NA,0.37476659402887,31.656856113809,"Shrubland"
"51",1091,607100,0,37.1733017,-8.54799747,120,3111364,30,NA,NA,25.3,19.3,NA,NA,1.88,NA,0.862670273047588,64.2065490220566,"Grassland"
"52",1107,607101,0,38.99452972,-7.01528311,8,3111368,8,NA,NA,30.7,4.9,NA,NA,6.24,NA,NA,45.2762385819013,"Grassland"
"53",1108,607102,0,38.95132065,-7.01905489,140,3111369,15,NA,NA,17.6,17.6,NA,NA,2.36,NA,2.74645225700357,40.7753179478047,"Cropland"
"56",1165,607105,0,38.98152924,-7.00926304,15,3111382,15,NA,NA,11.9,5.3,NA,NA,1.59,NA,NA,30.5870340675339,"Cropland"
"60",1195,607109,0,38.03887939,-7.92894077,85,3111392,25,NA,NA,11.2,21.9,NA,NA,0.523333333333333,NA,0.372200662725543,17.1999418370474,"Tree cover"
"61",1204,607110,0,38.13159943,-7.31667185,45,3111395,25,NA,NA,16.7,7,NA,NA,0.765,NA,0.601040764008566,25.3356447254573,"Cropland"
"62",1208,607111,0,38.02547073,-7.92500591,5,3111397,5,NA,NA,31.7,4.3,NA,NA,8.37,NA,NA,34.0275892891941,"Tree cover"
"63",1209,607112,0,37.95003891,-7.65091705,100,3111398,25,NA,NA,8.5,29.9,NA,NA,0.4575,NA,0.198221256848671,14.8882499888797,"Cropland"
"64",1225,607113,0,37.94913101,-8.20257092,95,3111402,15,NA,NA,17,9.8,NA,NA,0.5625,NA,0.457629763018097,11.4935353551718,"Grassland"
"65",1241,607114,0,37.96231842,-7.65259981,85,3111406,25,NA,NA,43.8,19.9,NA,NA,2.55,NA,1.35764501987817,66.9461718315315,"Tree cover"
"66",1250,607115,0,37.9491806,-7.64523315,66,3111409,22,NA,NA,18.6,13.4,NA,NA,0.81,NA,0.311126983722081,23.060295069594,"Cropland"
"67",1259,607116,0,37.98794937,-7.54390001,100,3111412,15,NA,NA,16.2,6.9,NA,NA,0.82,NA,0.555697759577992,16.5618787946467,"Tree cover"
"68",1275,607117,0,37.9381485,-7.64664984,120,3111416,30,NA,NA,48,10,NA,NA,3.51,NA,3.22440692221066,104.384109935807,"Grassland"
"69",1291,607118,0,37.17786026,-8.56167316,130,3111420,30,NA,NA,42,23,NA,NA,1.62,NA,0.89095454429505,53.8515210435362,"Shrubland"
"70",1316,607119,0,38.59093094,-8.91399956,150,3111425,30,NA,NA,15.7,7.1,NA,NA,6.615,NA,4.5466966030295,174.698184072462,"Grassland"
"71",1341,607120,0,38.05472183,-7.96501303,140,3111430,30,NA,NA,15.6,13.3,NA,NA,2.4,NA,1.4142135623731,82.056993363711,"Grassland"
"72",1357,607121,0,37.98437119,-7.81058884,63,3111434,19,NA,NA,7.1,2.6,NA,NA,0.406666666666667,NA,0.241729876790879,11.1701093459608,"Bare/sparse vegetation"
"73",1366,607122,0,37.98237991,-7.90655804,60,3111437,35,NA,NA,9.2,9.2,NA,NA,0.94,NA,0.367695526217005,43.0943409013598,"Cropland"
"74",1370,607123,0,37.95893097,-7.59803295,63,3111439,13,NA,NA,26,14,NA,NA,1.00333333333333,NA,0.585263473431696,16.5856330352614,"Grassland"
"75",1379,607124,0,37.97576904,-7.55668402,105,3111442,30,NA,NA,37,10.5,NA,NA,1.8425,NA,1.19589227497017,62.661352048704,"Grassland"
"76",1395,607125,0,37.93832016,-7.61101723,120,3111446,20,NA,NA,17.8,6.7,NA,NA,0.5625,NA,0.405,15.2609274384758,"Grassland"
"77",1420,607126,0,38.00516129,-7.90103912,120,3111451,20,NA,NA,13,2.6,NA,NA,1.96333333333333,NA,0.408084958474744,48.5950702221079,"Cropland"
"78",1445,607127,0,38.09064102,-7.25141907,140,3111456,20,NA,NA,19.8,10.9,NA,NA,0.89,NA,0.240416305603426,23.0512924510318,"Grassland"
"84",1513,607133,0,37.16846848,-8.49531269,105,3111474,20,NA,NA,15.7,13.9,NA,NA,1.6,NA,0.77028133388609,39.2359948354025,"Permanent water bodies"
"85",1529,607134,0,37.02098846,-7.99407387,105,3111478,25,NA,NA,31.4,9,NA,NA,1.90666666666667,NA,1.36566223252067,55.083442061946,"Permanent water bodies"
"86",1545,607135,0,38.9798317,-7.05332899,85,3111482,15,NA,NA,9.9,13.6,NA,NA,0.4075,NA,0.21792582836063,8.52778251420472,"Grassland"
"88",1570,607137,0,38.98431015,-7.04828501,95,3111489,20,NA,NA,27.7,16.7,NA,NA,1.12666666666667,NA,0.941558990894003,27.5883465712308,"Grassland"
"94",1623,607143,0,37.12903976,-8.45802784,150,3111506,20,NA,NA,18.6,16.5,NA,NA,2.32,NA,1.13885907820063,53.1007776106387,"Shrubland"
"95",1648,607144,0,37.02703857,-7.95700312,140,3111511,30,NA,NA,18.1,12,NA,NA,2.655,NA,1.37885822331377,88.8440307575413,"Grassland"
"98",1705,607147,0,37.14162064,-8.44031334,140,3111524,25,NA,NA,22.6,17.2,NA,NA,2.53,NA,1.48522725533839,69.9680715635945,"Shrubland"
"99",1730,607148,0,37.1626091,-8.68653679,100,3111529,30,NA,NA,18.6,11.7,NA,NA,2,NA,0.7,70.1880967169176,"Grassland"
"101",1748,607150,0,37.94755173,-7.62255001,125,3111535,20,NA,NA,28.6,13,NA,NA,1.22,NA,0.237065391822594,29.8688607474679,"Grassland"
"102",1773,607151,0,37.9665184,-7.60883284,120,3111540,25,NA,NA,10.9,7.4,NA,NA,0.465,NA,0.382317494586197,16.0806479837925,"Grassland"
"107",1852,607156,0,37.37527847,-8.80356026,120,3111559,15,NA,NA,33.7,19.5,NA,NA,0.86,NA,0.17606816861659,15.9653796239669,"Grassland"
"109",1886,607158,0,37.38269043,-8.79845428,130,3111567,25,NA,NA,50.5,18.3,NA,NA,0.7625,NA,0.151299922890485,22.4647340458204,"Grassland"
"110",1902,607159,0,38.9670105,-8.67189407,105,3111571,20,NA,NA,10.6,9.9,NA,NA,0.6225,NA,0.444775224130122,17.0085138206163,"Grassland"
"111",1927,607160,0,37.91350174,-8.5285511,100,3111576,20,NA,NA,19.3,15.3,NA,NA,1.155,NA,0.615182899632296,28.9549271208058,"Grassland"
"112",1943,607161,0,37.95447159,-8.17314053,95,3111580,20,NA,NA,22.1,14.5,NA,NA,3.07,NA,1.40007142674936,66.3656241451145,"Cropland"
"117",2018,607166,0,37.11346817,-7.64396095,85,3111599,25,NA,NA,18.6,13,NA,NA,2.185,NA,1.46371103705615,63.209061162861,"Permanent water bodies"
"118",2027,607167,0,37.16749954,-8.52210999,115,3111602,25,NA,NA,15.7,11.9,NA,NA,1.115,NA,0.714177848998413,35.4481272645709,"Herbaceous wetland"
"119",2043,607168,0,37.15584946,-7.55047989,140,3111606,30,NA,NA,18.3,13.6,NA,NA,4.00666666666667,NA,1.37074189158037,121.744425558237,"Grassland"
"121",2072,607170,0,37.16772079,-8.58219624,45,3111613,20,NA,NA,37.7,23.8,NA,NA,2.825,NA,1.27986327394765,58.9765571657573,"Grassland"
"122",2076,607171,0,37.15171051,-8.73843098,47,3111615,6,NA,NA,22.4,20,NA,NA,6.06666666666667,NA,6.05750223552029,33.2123150539265,"Cropland"
"123",2085,607172,0,37.11571884,-8.34610367,110,3111618,30,NA,NA,25.4,12.8,NA,NA,2.125,NA,0.95,72.4168011858365,"Grassland"
"124",2101,607173,0,37.04243851,-7.85391617,110,3111622,30,NA,NA,14.3,13.9,NA,NA,2.28,NA,1.06066017177982,78.7885573982156,"Grassland"
"125",2117,607174,0,37.17348099,-8.53547096,120,3111626,30,NA,NA,46,23,NA,NA,2.59333333333333,NA,0.740090084606822,80.1324195303474,"Herbaceous wetland"
"126",2142,607175,0,38.47174072,-8.62699604,130,3111631,25,NA,NA,12.9,9.1,NA,NA,1.55,NA,0.55075705472861,48.3314202638531,"Tree cover"
"127",2167,607176,0,37.15457916,-8.65457344,145,3111636,22,NA,NA,16.4,16.2,NA,NA,1.95,NA,1.34350288425444,50.6214868624137,"Grassland"
"128",2192,607177,0,38.98302078,-7.00919294,55,3111641,22,NA,NA,18,6.8,NA,NA,2.38333333333333,NA,1.83309392376205,61.0858277008034,"Cropland"
"134",2220,607183,0,38.9513092,-7.01307011,100,3111653,25,NA,NA,27.8,21.7,NA,NA,1.25,NA,1.08205822394176,37.093873176442,"Cropland"
"140",2311,607189,0,38.94364929,-7.02118206,150,3111676,20,NA,NA,34.5,8.7,NA,NA,1.605,NA,0.455375303092588,37.9927558887601,"Cropland"
"142",2345,607191,0,38.95544815,-7.03935099,105,3111684,25,NA,NA,18.1,13.2,NA,NA,1.38333333333333,NA,0.574659319365251,42.5929588875538,"Grassland"
"144",2377,607193,0,38.54159927,-8.99926758,30,3111692,30,NA,NA,17.8,6.5,NA,NA,2.56,NA,NA,87.5302441620093,"Grassland"
"145",2378,607194,0,38.5111084,-8.47584724,140,3111693,30,NA,NA,19.3,9.8,NA,NA,5.23333333333333,NA,1.62238507553951,148.086837394588,"Tree cover"
"147",2428,607196,0,37.95291138,-7.61908817,115,3111703,25,NA,NA,14,7.8,NA,NA,1.2,NA,0.820243866176395,38.5284487286847,"Grassland"
"148",2444,607197,0,37.63132858,-8.57950783,160,3111707,25,NA,NA,17.6,18.5,NA,NA,1.94,NA,1.24418648119966,56.5096952126825,"Shrubland"
"149",2469,607198,0,37.04536057,-7.912045,120,3111712,10,NA,NA,23.7,19,NA,NA,3.11,NA,2.00183665667307,33.8162555199178,"Grassland"
"150",2494,607199,0,38.51541138,-8.47680283,75,3111717,30,NA,NA,19.8,8.2,NA,NA,2.065,NA,1.23743686707646,72.5533868940915,"Grassland"
"151",2503,607200,0,38.9134903,-7.21554279,125,3111720,15,NA,NA,18,9.8,NA,NA,5.37,NA,1.12089250153616,76.8919484294431,"Grassland"
"152",2528,607201,0,38.62186813,-8.08850861,120,3111725,30,NA,NA,15.8,6.9,NA,NA,2.895,NA,0.318198051533946,96.9921406476825,"Built-up"
"153",2544,607202,0,38.00122833,-7.54963398,30,3111729,30,NA,NA,17,4.9,NA,NA,2.18,NA,NA,77.1757072264395,"Cropland"
"154",2545,607203,0,37.95713043,-7.61781597,25,3111730,25,NA,NA,14.7,6.5,NA,NA,0.93,NA,NA,30.6006999604574,"Tree cover"
"155",2546,607204,0,37.95082092,-7.56055021,40,3111731,25,NA,NA,10,5,NA,NA,0.35,NA,0.268700576850888,12.3637925275416,"Tree cover"
"156",2550,607205,0,37.99409866,-8.13333607,120,3111733,20,NA,NA,36.4,23.3,NA,NA,1.98,NA,0.712694417919303,43.9435604738533,"Tree cover"
"157",2566,607206,0,37.95399857,-7.62678289,22,3111737,22,NA,NA,18.2,4.6,NA,NA,1.44,NA,NA,39.9569940701309,"Cropland"
"158",2567,607207,0,37.96932983,-7.63360023,65,3111738,25,NA,NA,6.4,6.4,NA,NA,0.303333333333333,NA,0.160104132780304,10.8412516522377,"Grassland"
"159",2576,607208,0,37.9665184,-7.6326828,55,3111741,30,NA,NA,44,16,NA,NA,2.295,NA,0.0353553390593273,73.577829344375,"Grassland"
"160",2580,607209,0,37.94503021,-7.57451677,55,3111743,30,NA,NA,9.5,6.4,NA,NA,0.53,NA,0.197989898732233,21.8835027374496,"Grassland"
"161",2584,607210,0,37.95619965,-7.60266685,110,3111745,25,NA,NA,24.2,8.4,NA,NA,2.1275,NA,0.685194619554668,61.6533331841589,"Tree cover"
"164",2617,607213,0,37.65270996,-7.67671919,80,3111754,20,NA,NA,20.4,12.5,NA,NA,0.54,NA,0.0984885780179611,14.314373416741,"Shrubland"
"166",2635,607215,0,37.25601959,-8.29536247,140,3111760,20,NA,NA,16.8,18.8,NA,NA,2.125,NA,3.12129780700272,49.2851332755672,"Shrubland"
"167",2651,607216,0,37.66350174,-7.49703217,130,3111764,20,NA,NA,28,7.7,NA,NA,3.12666666666667,NA,0.886359595950387,67.4614998388447,"Grassland"
"168",2676,607217,0,37.95140076,-7.57111597,120,3111769,20,NA,NA,11,10,NA,NA,2.44,NA,0.836241591885981,57.3424636128327,"Grassland"
"169",2701,607218,0,37.17926025,-8.5062151,25,3111774,25,NA,NA,11.8,13.3,NA,NA,6.4,NA,NA,142.592244901254,"Grassland"
"171",2718,607220,0,37.05213928,-7.99126291,100,3111779,30,NA,NA,16.1,11.5,NA,NA,0.816666666666667,NA,0.769566977808516,31.7129319765959,"Grassland"
"172",2734,607221,0,38.30973053,-8.76202011,105,3111783,25,NA,NA,17.3,13.2,NA,NA,3.13,NA,0.0565685424949239,84.8126321920157,"Herbaceous wetland"
"174",2766,607223,0,38.34518051,-8.54296303,95,3111791,20,NA,NA,17.5,6.6,NA,NA,0.95,NA,0.565685424949238,24.9552738906429,"Grassland"
"175",2775,607224,0,38.14942932,-7.86815882,60,3111794,30,NA,NA,15.1,8,NA,NA,1.31,NA,1.20208152801713,49.4982699816022,"Cropland"
"176",2779,607225,0,37.73390961,-8.07956505,85,3111796,25,NA,NA,9.1,7.2,NA,NA,1.2775,NA,0.973699988018212,41.4228974785129,"Grassland"
"177",2795,607226,0,37.36091995,-8.76171017,105,3111800,25,NA,NA,28.1,18.2,NA,NA,2,NA,1.83847763108502,56.5819826488666,"Grassland"
"180",2852,607229,0,37.98141098,-7.79595613,135,3111813,25,NA,NA,29.5,18.8,NA,NA,3.225,NA,0.558614357137373,83.4789601920211,"Tree cover"
"181",2877,607230,0,38.09461975,-7.85600901,70,3111818,30,NA,NA,31.1,25.6,NA,NA,1.15333333333333,NA,0.943203760241303,40.3669008051253,"Grassland"
"184",2891,607233,0,38.03060913,-8.0024538,125,3111824,30,NA,NA,20.1,19,NA,NA,2.33,NA,1.5980613254816,78.0671919545845,"Grassland"
"185",2916,607234,0,37.9210701,-8.15476894,130,3111829,25,NA,NA,24.1,7.1,NA,NA,1.255,NA,0.431335136523794,39.0494688332843,"Grassland"
"198",3064,607247,0,38.59743118,-8.01109791,45,3111871,25,NA,NA,15.9,6.2,NA,NA,2.135,NA,1.94454364826301,63.5535553510523,"Grassland"
"200",3069,607249,0,37.30458832,-8.56703091,50,3111874,30,NA,NA,15.6,10.8,NA,NA,1.79,NA,1.03237590053236,64.5035230615937,"Tree cover"
"201",3073,607250,0,37.9932518,-7.52440023,63,3111876,18,NA,NA,45.6,11.3,NA,NA,2.45,NA,1.1350330391667,47.8151312099474,"Cropland"
"208",3180,607257,0,37.79188919,-8.67801762,120,3111903,30,NA,NA,15.9,10.8,NA,NA,1.785,NA,0.898025612106915,64.295496598197,"Grassland"
"209",3196,607258,0,38.1219902,-8.19198608,115,3111907,20,NA,NA,17.4,8.2,NA,NA,1.235,NA,0.487903679018718,31.5387703442792,"Grassland"
"212",3230,607261,0,37.91732025,-7.57653284,40,3111917,20,NA,NA,15.6,3.5,NA,NA,4.115,NA,0.615182899632296,86.1225276657129,"Grassland"
"213",3234,607262,0,38.09141922,-7.98112679,90,3111919,27,NA,NA,12.6,6.2,NA,NA,0.88,NA,0.394292615536566,31.5474138915447,"Grassland"
"214",3250,607263,0,37.38652039,-8.74723053,145,3111923,20,NA,NA,15.8,15.9,NA,NA,1.46,NA,1.55016128193166,35.9990465936451,"Tree cover"
"217",3316,607266,0,38.93634033,-7.95593023,125,3111937,20,NA,NA,15.1,8.8,NA,NA,2.57,NA,0.896046873773911,59.3658602752133,"Grassland"
"218",3332,607267,0,37.08675003,-8.90175819,120,3111941,30,NA,NA,19.9,17.4,NA,NA,1.875,NA,1.02530483272049,65.2282807594228,"Cropland"
"219",3348,607268,0,38.45825958,-7.56004095,125,3111945,25,NA,NA,18.8,8.9,NA,NA,1.07333333333333,NA,0.574920284329344,34.2305912189645,"Grassland"
"221",3382,607270,0,38.03075027,-8.28938007,120,3111953,25,NA,NA,10.3,7.5,NA,NA,0.65,NA,0.466690475583121,22.1463683565108,"Grassland"
"224",3424,607273,0,38.96918869,-7.03030205,120,3111963,25,NA,NA,17.4,15.3,NA,NA,1.15,NA,0.678822509939086,35.9350173718776,"Cropland"
"226",3465,607275,0,38.97650909,-6.99666595,35,3111972,15,NA,NA,8.8,6.3,NA,NA,0.255,NA,0.21920310216783,5.55947238388532,"Cropland"
"229",3479,607278,0,38.98913956,-7.00835323,60,3111978,30,NA,NA,18.9,4.8,NA,NA,1,NA,0.14142135623731,38.692631487324,"Cropland"
"231",3487,607280,0,38.99827957,-7.00206804,135,3111982,30,NA,NA,23.7,14.9,NA,NA,1.74,NA,0.705691150575094,60.9413011809775,"Cropland"
"236",3555,607285,0,38.00117111,-7.54973316,22,3112000,22,NA,NA,8,4.4,NA,NA,3.8,NA,NA,90.5749295624448,"Cropland"
"237",3556,607286,0,37.94409943,-7.65145016,25,3112001,25,NA,NA,45.5,28.9,NA,NA,2.75,NA,NA,69.9364611214011,"Cropland"
"238",3557,607287,0,37.95246887,-7.55601597,35,3112002,25,NA,NA,12.8,10.1,NA,NA,0.78,NA,0.381837661840736,25.8622426466279,"Tree cover"
"239",3561,607288,0,37.91962051,-7.47133398,20,3112004,20,NA,NA,35.3,10,NA,NA,1,NA,NA,24.6751684524545,"Grassland"
"240",3562,607289,0,37.96440125,-7.56314993,45,3112005,23,NA,NA,39.3,12.4,NA,NA,3.765,NA,2.1708178182427,86.236236019656,"Tree cover"
"241",3566,607290,0,37.17033005,-8.56508446,100,3112007,25,NA,NA,11.6,5,NA,NA,0.2475,NA,0.313302303428068,8.77888098725275,"Grassland"
"242",3582,607291,0,37.96107101,-7.62874985,80,3112011,22,NA,NA,39.1,12,NA,NA,1.25333333333333,NA,1.0697819092382,32.7615222588423,"Grassland"
"243",3591,607292,0,37.97723007,-7.50566721,150,3112014,15,NA,NA,12.2,6.4,NA,NA,0.65,NA,0.341857670188438,13.5111372868868,"Cropland"
"244",3616,607293,0,37.98310089,-7.54198313,100,3112019,23,NA,NA,30.3,14.1,NA,NA,1.41,NA,0.578619045659577,38.6360710127087,"Tree cover"
"245",3632,607294,0,37.98329926,-7.53083277,65,3112023,20,NA,NA,17,6,NA,NA,0.9,NA,0.579827560572969,23.8206383256764,"Tree cover"
"246",3641,607295,0,37.93629837,-7.48850012,6,3112026,6,NA,NA,27.7,14.2,NA,NA,2.26,NA,NA,15.9751411877863,"Tree cover"
"247",3642,607296,0,37.92292023,-7.61781597,110,3112027,25,NA,NA,20.4,7.6,NA,NA,0.68,NA,0.457055795281058,22.3915486796585,"Tree cover"
"248",3658,607297,0,37.95663071,-7.48934984,103,3112031,15,NA,NA,18.5,9.6,NA,NA,0.85,NA,0.604041941148681,16.874757140408,"Cropland"
"249",3683,607298,0,37.96305084,-7.49608278,145,3112036,15,NA,NA,16.3,4.5,NA,NA,0.733333333333333,NA,0.51733290377989,15.0283820827782,"Cropland"
"250",3708,607299,0,37.11042023,-7.89676285,150,3112041,30,NA,NA,36.4,20.6,NA,NA,2.255,NA,1.10168053445634,72.9415090001417,"Shrubland"
"254",3736,607303,0,38.14986038,-7.53839111,150,3112049,25,NA,NA,26.5,13.6,NA,NA,1.88,NA,0.271845544381364,54.4606559480838,"Tree cover"
"263",3874,607312,0,37.44377899,-8.78476048,120,3112083,20,NA,NA,22.3,9.9,NA,NA,1.215,NA,0.714177848998413,30.5109883413423,"Cropland"
"264",3890,607313,0,38.23526001,-8.55239487,90,3112087,25,NA,NA,37.8,19,NA,NA,2.235,NA,0.0636396103067895,60.7659300239337,"Grassland"
"265",3899,607314,0,38.28366089,-8.58323288,130,3112090,30,NA,NA,17.5,10.7,NA,NA,1.145,NA,0.558614357137373,43.2033599768827,"Grassland"
"268",3940,607317,0,38.28047943,-8.52338791,100,3112101,25,NA,NA,12.8,12.9,NA,NA,0.833333333333333,NA,0.55075705472861,27.273617215756,"Grassland"
"275",4021,607324,0,37.72053909,-8.66510963,35,3112124,25,NA,NA,15.2,8.8,NA,NA,2.365,NA,0.558614357137373,68.8316500049033,"Grassland"
"281",4086,607330,0,37.20597076,-7.47119284,130,3112143,25,NA,NA,4,5.1,NA,NA,0.61,NA,0.565685424949238,21.4564977140093,"Cropland"
"282",4111,607331,0,38.09555054,-8.11946774,140,3112148,15,NA,NA,16.9,8.2,NA,NA,1.15333333333333,NA,0.676486018579345,22.5059352856463,"Tree cover"
"283",4147,607332,0,37.06880188,-8.90193653,95,3112154,25,NA,NA,11.2,7.6,NA,NA,1.145,NA,0.558614357137373,37.263186063828,"Cropland"
"284",4156,607333,0,37.77960968,-7.83516121,110,3112157,25,NA,NA,14.2,7.7,NA,NA,2.34,NA,0.933380951166243,68.6087441071376,"Grassland"
"285",4172,607334,0,38.36006165,-7.99109602,80,3112161,20,NA,NA,14.5,6.2,NA,NA,2.16,NA,1.7819090885901,51.9106803559899,"Grassland"
"287",4197,607336,0,38.11590958,-7.964993,105,3112168,17,NA,NA,20,8.5,NA,NA,0.553333333333333,NA,0.170977581376429,12.6972980574682,"Tree cover"
"288",4213,607337,0,37.97040176,-7.56813192,80,3112172,15,NA,NA,48.3,25.1,NA,NA,1.98666666666667,NA,1.20558422904969,32.5712386566988,"Tree cover"
"289",4229,607338,0,38.09381104,-7.40996599,150,3112176,30,NA,NA,17,8.5,NA,NA,0.693333333333333,NA,0.228983259941275,27.3777836020971,"Grassland"
"290",4265,607339,0,38.73807907,-8.02375126,110,3112182,27,NA,NA,23.6,23.7,NA,NA,1.41666666666667,NA,1.43388748977503,44.942316857777,"Grassland"
"291",4281,607340,0,38.14522171,-7.97106314,115,3112186,20,NA,NA,7.6,6,NA,NA,4.57333333333333,NA,1.97216463139702,93.9446564775517,"Grassland"
"293",4315,607342,0,37.73104858,-8.79034138,60,3112194,15,NA,NA,29.2,13.9,NA,NA,2.38666666666667,NA,1.70153851949738,40.4100482266011,"Grassland"
"295",4328,607344,0,38.56880951,-8.87849712,65,3112199,30,NA,NA,13.8,6.5,NA,NA,2.3,NA,1.31521861300698,81.0317378034343,"Grassland"
"297",4341,607346,0,38.15710068,-7.93078899,45,3112204,25,NA,NA,9.2,6,NA,NA,0.78,NA,0.381837661840736,26.4898624466466,"Grassland"
"57",1166,607106,0,38.98749161,-9.16285229,60,3111383,25,NA,NA,23.9,7.7,NA,NA,1.345,NA,1.01116269709676,41.5046345256711,"Grassland"
"59",1179,607108,0,38.85049057,-9.2875452,120,3111388,30,NA,NA,19.2,7.3,NA,NA,2.335,NA,1.02530483272049,80.7154291091806,"Grassland"
"79",1470,607128,0,38.70512009,-9.3153553,25,3111461,25,NA,NA,22.1,14,NA,NA,1.42,NA,NA,43.0358238907443,"Grassland"
"80",1471,607129,0,38.70544052,-9.31722736,65,3111462,25,NA,NA,20.4,16,NA,NA,0.893333333333333,NA,0.597689997685534,28.207127377094,"Grassland"
"81",1480,607130,0,38.70674133,-9.31545258,105,3111465,15,NA,NA,17.5,13.3,NA,NA,0.816666666666667,NA,0.870019156877211,16.1341774168438,"Grassland"
"82",1496,607131,0,38.70687866,-9.31628609,20,3111469,20,NA,NA,27.6,7.7,NA,NA,3.4,NA,NA,72.0572382602694,"Grassland"
"83",1497,607132,0,38.70640945,-9.31441402,110,3111470,25,NA,NA,13.2,10.9,NA,NA,0.493333333333333,NA,0.511598801145325,16.7067462559719,"Grassland"
"90",1602,607139,0,38.70222855,-9.31554985,45,3111497,30,NA,NA,11,4,NA,NA,0.67,NA,0.43840620433566,27.4020554077941,"Grassland"
"93",1614,607142,0,38.67573166,-9.18100166,80,3111503,25,NA,NA,9.6,6.9,NA,NA,0.253333333333333,NA,0.0680685928555405,8.98396001363257,"Grassland"
"104",1814,607153,0,38.70325089,-9.32186413,180,3111549,23,NA,NA,20.6,5,NA,NA,0.503333333333333,NA,0.299054064231425,15.6465812292478,"Grassland"
"105",1839,607154,0,38.70243073,-9.32055855,70,3111554,20,NA,NA,17,4.4,NA,NA,2.195,NA,1.44956890143242,52.5107548706804,"Grassland"
"116",1993,607165,0,38.70085144,-9.31458378,130,3111594,23,NA,NA,16,10,NA,NA,1.6,NA,0.848528137423857,45.3399915161728,"Cropland"
"129",2201,607178,0,38.92113876,-9.17293167,55,3111644,25,NA,NA,19,10.9,NA,NA,1.45,NA,0.254558441227157,44.5813356710303,"Grassland"
"136",2261,607185,0,38.98690033,-9.21197128,80,3111662,30,NA,NA,11.8,7.2,NA,NA,1.805,NA,0.417193000900063,66.3206387978792,"Bare/sparse vegetation"
"143",2361,607192,0,38.70381927,-9.32080269,105,3111688,25,NA,NA,31.7,14.8,NA,NA,0.885,NA,0.685893577750951,27.2147531551723,"Grassland"
"162",2600,607211,0,38.70780182,-9.31451988,25,3111749,25,NA,NA,12.3,4.3,NA,NA,1.51,NA,NA,47.9790116247522,"Grassland"
"163",2601,607212,0,38.69536972,-9.32098293,120,3111750,30,NA,NA,44.7,23.8,NA,NA,2.685,NA,0.81317279836453,82.5484123170219,"Built-up"
"178",2811,607227,0,38.69841003,-9.31419754,115,3111804,20,NA,NA,20.2,7.8,NA,NA,1.62333333333333,NA,1.03876529270732,39.906124642456,"Grassland"
"182",2886,607231,0,38.69908905,-9.31344414,50,3111821,20,NA,NA,21.4,13.9,NA,NA,2.3,NA,2.26274169979695,52.6950443623371,"Grassland"
"186",2932,607235,0,38.95074081,-9.2221241,140,3111833,40,NA,NA,22,54.4,1.33,"{""1:sample type = not specified, calculation = not specified, corrections = not specified, measurement condition = oven dry (~ 105-110 °C)""}",0.65,NA,0.579827560572969,29.7884434134573,"Tree cover"
"188",2961,607237,0,38.94958115,-9.22222042,135,3111840,20,NA,NA,17.9,59,1.3,"{""1:sample type = not specified, calculation = not specified, corrections = not specified, measurement condition = oven dry (~ 105-110 °C)""}",0.533333333333333,NA,0.345301800362137,12.7094317754498,"Grassland"
"223",3399,607272,0,38.69728088,-9.31353378,140,3111958,20,NA,NA,35.1,11.2,NA,NA,0.55,NA,0.177763888346312,14.0335770001434,"Grassland"
"227",3469,607276,0,38.69963074,-9.31812763,50,3111974,15,NA,NA,26.9,12.8,NA,NA,1.46666666666667,NA,1.08840862424612,26.8315143026455,"Tree cover"
"230",3483,607279,0,38.99137115,-9.07625198,55,3111980,30,NA,NA,13.9,21.5,1.7,"{""1:sample type = not specified, calculation = not specified, corrections = not specified, measurement condition = oven dry (~ 105-110 °C)""}",0.485,NA,0.205060966544099,18.9185163542247,"Built-up"
"234",3530,607283,0,38.70230865,-9.31724453,155,3111993,15,NA,NA,26,7.8,NA,NA,3.11,NA,1.47278647467988,51.0581073576905,"Grassland"
"251",3733,607300,0,38.70098114,-9.30984402,20,3112046,20,NA,NA,42.7,22.8,NA,NA,9,NA,NA,132.776596923788,"Grassland"
"252",3734,607301,0,38.70074081,-9.31860256,12,3112047,12,NA,NA,44.3,11.5,NA,NA,2,NA,NA,27.3220079434193,"Cropland"
"253",3735,607302,0,38.69993973,-9.31111908,20,3112048,20,NA,NA,35.1,13.2,NA,NA,5.8,NA,NA,103.285748978061,"Grassland"
"255",3745,607304,0,38.6998291,-9.31686974,100,3112052,20,NA,NA,10.4,11.6,NA,NA,1.6475,NA,1.04637071187351,41.0924406132863,"Grassland"
"256",3761,607305,0,38.70429993,-9.32266712,150,3112056,27,NA,NA,8.3,6.3,NA,NA,0.965,NA,0.855599205235723,34.7935203881133,"Grassland"
"257",3786,607306,0,38.69469833,-9.32160854,115,3112061,30,NA,NA,13.2,8.8,NA,NA,2.35,NA,0.721248916810279,82.10730835243,"Grassland"
"258",3802,607307,0,38.70351028,-9.3184166,135,3112065,25,NA,NA,14.2,4,NA,NA,2.865,NA,1.209152595829,81.5418311715075,"Tree cover"
"259",3827,607308,0,38.69932938,-9.31093025,140,3112070,25,NA,NA,16.5,11.1,NA,NA,2.02,NA,0.676017751246223,59.7823939376792,"Grassland"
"260",3852,607309,0,38.69900131,-9.31149769,70,3112075,25,NA,NA,15.1,11.7,NA,NA,1.46666666666667,NA,1.85831464863551,45.4221667192775,"Grassland"
"269",3956,607318,0,38.694561,-9.31616116,115,3112105,30,NA,NA,17.5,14.7,NA,NA,1.02,NA,0.834386001800126,38.4344668823958,"Grassland"
"277",4029,607326,0,38.69694138,-9.31599426,140,3112128,30,NA,NA,17.2,14.6,NA,NA,1.75,NA,1.15614301306831,62.3409113521433,"Grassland"
"292",4306,607341,0,38.64603043,-9.17795467,58,3112191,22,NA,NA,15.3,10.2,NA,NA,0.453333333333333,NA,0.211266025033211,13.5667442365994,"Bare/sparse vegetation"
"11",596,598836,0,39.96670151,-7.8499999,80,3089724,30,NA,41,NA,18,NA,NA,2.16666666666667,NA,1.56311654502578,NA,"Tree cover"
"12",608,598837,0,41.54999924,-8.2166996,130,3089728,30,NA,67,NA,12,NA,NA,1.4,NA,2.20605228103657,NA,"Tree cover"
"14",633,598917,0,40.31669998,-7.55000019,50,3090087,30,NA,81,NA,10,NA,NA,2.45,NA,2.33345237791561,NA,"Grassland"
"15",637,598918,0,40.20000076,-7.21670008,70,3090089,30,NA,42,NA,22,NA,NA,3,NA,2.82842712474619,NA,"Tree cover"
"17",650,598991,0,39.86669922,-7.36670017,90,3090423,20,NA,87,NA,6,NA,NA,0.32,NA,0.130384048104053,NA,"Grassland"
"18",675,607067,0,39.11346817,-7.03671408,100,3111252,20,NA,NA,26.8,10,NA,NA,1.33,NA,0.537401153701776,32.6868447967253,"Grassland"
"19",691,607068,0,39.72637939,-7.30187321,40,3111256,20,NA,NA,10.6,3.1,NA,NA,1.855,NA,1.19501046020527,46.5666695551327,"Grassland"
"20",695,607069,0,39.82300186,-7.24906397,55,3111258,25,NA,NA,10.9,4.8,NA,NA,4.34,NA,1.14551298552221,112.015944268575,"Cropland"
"23",704,607072,0,41.31277847,-7.07891321,25,3111263,25,NA,NA,17.7,10.6,NA,NA,1.73,NA,NA,52.2601407601438,"Cropland"
"38",895,607087,0,39.44786072,-8.29480934,115,3111314,25,NA,NA,13.4,7.8,NA,NA,2,NA,1.14551298552221,60.3083608581379,"Cropland"
"41",943,607090,0,39.89920044,-7.24933481,125,3111326,25,NA,NA,17.5,8.1,NA,NA,2.885,NA,2.02939646200539,80.4853772161109,"Grassland"
"54",1133,607103,0,39.01480103,-6.98750401,100,3111374,25,NA,NA,53.1,13.8,NA,NA,1.59,NA,0.773498545570708,44.2963305550112,"Grassland"
"55",1149,607104,0,39.01464844,-6.99252081,110,3111378,25,NA,NA,25.6,7,NA,NA,2.18,NA,0.424264068711929,62.9284981378135,"Cropland"
"87",1561,607136,0,39.08778,-7.02631521,85,3111486,30,NA,NA,12.5,17.9,NA,NA,1.76,NA,0.910439454329611,62.8840598551462,"Cropland"
"89",1586,607138,0,40.56975174,-8.69168854,140,3111493,30,NA,NA,35.7,28.6,NA,NA,1.075,NA,0.601040764008565,37.2043171204315,"Tree cover"
"91",1606,607140,0,39.35253906,-7.35495901,45,3111499,22,NA,NA,11.2,4.4,NA,NA,1.515,NA,1.1667261889578,42.6545618979054,"Grassland"
"92",1610,607141,0,41.38623047,-6.62363386,60,3111501,30,NA,NA,15.1,7.2,NA,NA,0.855,NA,0.629325035256027,33.6299615270074,"Cropland"
"96",1664,607145,0,39.34506989,-7.37413597,105,3111515,15,NA,NA,12.5,4.3,NA,NA,1.53666666666667,NA,1.26753040726183,29.7271737961556,"Shrubland"
"97",1680,607146,0,41.17649078,-7.70858002,140,3111519,30,NA,NA,17.9,9.7,NA,NA,1.665,NA,0.728319984622144,60.3851447245824,"Grassland"
"100",1739,607149,0,41.13851166,-7.41094494,90,3111532,30,NA,NA,10.8,6.1,NA,NA,2.905,NA,2.00111219075793,98.7039788664138,"Grassland"
"103",1798,607152,0,41.19932938,-7.10181999,120,3111545,30,NA,NA,20.8,11.9,NA,NA,2.44,NA,1.10308657865101,82.3901809024735,"Grassland"
"106",1848,607155,0,39.07582092,-7.01115513,45,3111557,20,NA,NA,35.6,10.8,NA,NA,0.71,NA,0.5939696961967,17.8781352898811,"Cropland"
"108",1877,607157,0,40.49341965,-8.68967628,90,3111564,20,NA,NA,13.3,7.6,NA,NA,0.353333333333333,NA,0.198578280114753,9.87743535542915,"Grassland"
"113",1959,607162,0,40.22518921,-7.20038986,70,3111584,30,NA,NA,14.3,4.4,NA,NA,2.435,NA,1.33643181644257,85.2794669338086,"Tree cover"
"114",1968,607163,0,40.23178864,-7.17683792,75,3111587,22,NA,NA,17.8,10.6,NA,NA,2.935,NA,0.827314933988261,71.5970687252426,"Grassland"
"115",1977,607164,0,39.04975891,-6.98829412,110,3111590,15,NA,NA,12.7,9,NA,NA,0.975,NA,0.275378527364305,19.5091375192688,"Grassland"
"120",2068,607169,0,41.3762207,-6.62138605,55,3111611,25,NA,NA,15.5,23.5,NA,NA,1.8,NA,1.45663996924429,52.5987087703682,"Grassland"
"135",2245,607184,0,39.08195877,-7.03027678,115,3111658,28,NA,NA,11.9,12,NA,NA,1.125,NA,1.14418821295566,40.2881077301434,"Cropland"
"139",2302,607188,0,39.07883835,-7.02469778,60,3111673,20,NA,NA,52.5,16.7,NA,NA,0.576666666666667,NA,0.0321455025366432,13.9073992073205,"Grassland"
"146",2403,607195,0,41.23917007,-7.21032476,110,3111698,12,NA,NA,16.9,16.8,NA,NA,1.39333333333333,NA,0.842456724902433,20.9985741780053,"Cropland"
"165",2626,607214,0,41.27257156,-7.08389616,90,3111757,30,NA,NA,6.5,9.4,NA,NA,1.44,NA,0.678822509939086,54.9887251360655,"Shrubland"
"170",2702,607219,0,41.36190033,-7.11792898,130,3111775,25,NA,NA,23.7,18.1,NA,NA,2.1,NA,1.10308657865101,59.6126994302407,"Grassland"
"173",2750,607222,0,40.5525589,-8.21383572,100,3111787,10,NA,NA,51.5,27.1,NA,NA,0.305,NA,0.147082743152735,3.80342002827296,"Grassland"
"179",2836,607228,0,40.09136963,-8.64391422,95,3111809,30,NA,NA,19.8,11.7,NA,NA,6.025,NA,3.99515331370399,161.944473900923,"Cropland"
"183",2890,607232,0,39.2147789,-8.29097176,18,3111823,18,NA,NA,4.8,4.5,NA,NA,3.3,NA,NA,67.6081587591339,"Tree cover"
"187",2936,607236,0,39.0603714,-7.016222,125,3111835,30,NA,NA,27.9,9.7,NA,NA,1.402,NA,0.454444716109672,50.5080680798741,"Grassland"
"189",2970,607238,0,39.0374794,-6.98420095,130,3111843,25,NA,NA,34.2,15.4,NA,NA,0.423333333333333,NA,0.19731531449265,13.3960162150181,"Cropland"
"190",2986,607239,0,39.04140854,-6.99344683,110,3111847,25,NA,NA,50.2,11.7,NA,NA,2.25,NA,0.89095454429505,60.4821143324323,"Grassland"
"191",3002,607240,0,39.0969696,-7.03483582,100,3111851,15,NA,NA,39.2,14.5,NA,NA,0.9575,NA,0.577314183670094,17.6188005305175,"Grassland"
"192",3018,607241,0,40.6307106,-8.65437508,80,3111855,30,NA,NA,23.7,60.7,NA,NA,0.415,NA,0.190918830920368,14.490871935088,"Built-up"
"193",3022,607242,0,40.65343094,-8.60607529,60,3111857,20,NA,NA,46.3,21.3,NA,NA,0.46,NA,0.0707106781186548,11.2312979080842,"Tree cover"
"194",3026,607243,0,40.59664154,-8.48247814,80,3111859,20,NA,NA,44.8,33,NA,NA,3.16,NA,NA,62.8289926601918,"Tree cover"
"195",3035,607244,0,40.57970047,-8.57720947,70,3111862,30,NA,NA,31.9,13.4,NA,NA,0.365,NA,0.0212132034355964,13.9780403946162,"Built-up"
"196",3039,607245,0,40.6048317,-8.59864235,90,3111864,15,NA,NA,17.1,18,NA,NA,1.51,NA,NA,27.8541950795625,"Built-up"
"197",3048,607246,0,40.49742889,-8.52803898,100,3111867,25,NA,NA,17.7,51,NA,NA,0.495,NA,0.388908729652601,14.8824200666424,"Grassland"
"199",3068,607248,0,39.31013107,-7.36005211,30,3111873,30,NA,NA,20.9,8.7,NA,NA,7.24,NA,NA,182.471676802889,"Tree cover"
"202",3082,607251,0,39.29953003,-8.06478786,95,3111879,20,NA,NA,27.1,9.6,NA,NA,5.05,NA,1.71119841047145,95.950599965922,"Tree cover"
"203",3098,607252,0,39.20162964,-8.05186081,120,3111883,30,NA,NA,31.7,11.5,NA,NA,5.22,NA,3.30925973595304,143.867599924412,"Grassland"
"204",3114,607253,0,39.74610901,-7.29970407,120,3111887,25,NA,NA,16.8,6.6,NA,NA,9.74,NA,5.69928065636357,182.459646849456,"Grassland"
"205",3130,607254,0,39.35263062,-7.38979912,125,3111891,25,NA,NA,9.5,7.2,NA,NA,2.175,NA,0.148492424049175,65.4951325942514,"Shrubland"
"206",3155,607255,0,39.31565094,-7.37338495,105,3111896,30,NA,NA,16.8,8.8,NA,NA,2.19333333333333,NA,1.33095204020781,76.8065760520051,"Tree cover"
"207",3171,607256,0,39.3920784,-8.50846958,90,3111900,25,NA,NA,23.5,13,NA,NA,1.295,NA,0.742462120245875,39.5903900994798,"Cropland"
"210",3212,607259,0,40.56666946,-8.23333359,55,3111911,25,NA,NA,22.2,53.9,NA,NA,0.69,NA,NA,20.1436912155451,"Grassland"
"211",3221,607260,0,41.15800858,-7.40322304,90,3111914,30,NA,NA,12.3,6.5,NA,NA,1.98,NA,0.806101730552664,71.7947798095886,"Grassland"
"215",3275,607264,0,39.25226974,-8.0252943,130,3111928,30,NA,NA,27.8,7.6,NA,NA,3.165,NA,2.45366053071732,100.918897127565,"Grassland"
"216",3291,607265,0,40.23674011,-7.20023203,110,3111932,15,NA,NA,18.1,6.7,NA,NA,3.16,NA,1.0569768209379,52.7728943589026,"Bare/sparse vegetation"
"220",3373,607269,0,41.31579971,-7.15518618,100,3111950,30,NA,NA,15.3,13.4,NA,NA,2.125,NA,0.96873629022557,74.1888976571486,"Grassland"
"225",3449,607274,0,39.01205063,-6.98829222,130,3111968,30,NA,NA,21.2,8.2,NA,NA,0.965,NA,0.176776695296637,36.8206931314563,"Grassland"
"235",3546,607284,0,40.44031906,-8.49425888,95,3111997,30,NA,NA,7.8,7.3,NA,NA,0.35,NA,NA,14.7267778537631,"Grassland"
"261",3861,607310,0,39.07516098,-8.93665314,110,3112078,25,NA,NA,12.4,32.5,1.58,"{""1:sample type = not specified, calculation = not specified, corrections = not specified, measurement condition = oven dry (~ 105-110 °C)""}",0.386666666666667,NA,0.240069434400411,12.4282881112416,"Tree cover"
"262",3870,607311,0,40.59463882,-8.72817707,80,3112081,40,NA,NA,5.9,6.1,NA,NA,0.95,NA,NA,50.502195344834,"Tree cover"
"266",3915,607315,0,39.17840958,-8.40438843,95,3112094,30,NA,NA,20.1,13.2,NA,NA,8.14,NA,6.29325035256027,194.4925456754,"Tree cover"
"267",3924,607316,0,39.24876022,-8.03783607,110,3112097,25,NA,NA,18.4,12.2,NA,NA,3.09,NA,1.82433549546129,83.9433880298436,"Grassland"
"270",3972,607319,0,39.33264923,-7.3878479,40,3112109,25,NA,NA,12.3,6,NA,NA,3.48,NA,1.65462986797652,94.7193705653282,"Shrubland"
"271",3976,607320,0,40.66378021,-8.47961426,80,3112111,30,NA,NA,20,19.6,NA,NA,0.66,NA,NA,25.0728349718891,"Cropland"
"272",3985,607321,0,39.15983963,-7.19552994,115,3112114,27,NA,NA,17.6,5.7,NA,NA,1.425,NA,1.209152595829,48.164515155565,"Grassland"
"273",4001,607322,0,40.5030899,-8.58742809,70,3112118,25,NA,NA,23.7,36,NA,NA,1.6,NA,NA,45.2079835063953,"Grassland"
"274",4005,607323,0,40.58472061,-8.42200184,110,3112120,25,NA,NA,20.1,12.6,NA,NA,2.425,NA,2.31223917448001,68.7332271976459,"Tree cover"
"276",4025,607325,0,40.5304718,-8.61987972,65,3112126,25,NA,NA,19.7,35.7,NA,NA,0.695,NA,0.0353553390593274,21.2124187342097,"Shrubland"
"278",4045,607327,0,40.57999039,-8.36504173,65,3112132,30,NA,NA,21.6,45.6,NA,NA,0.37,NA,NA,13.4091934179869,"Grassland"
"279",4054,607328,0,39.29198074,-7.31928682,120,3112135,30,NA,NA,10.6,6.3,NA,NA,3.285,NA,1.46371103705615,108.585243555362,"Grassland"
"280",4070,607329,0,39.10852051,-7.20599222,105,3112139,20,NA,NA,9.4,4.3,NA,NA,3.81,NA,0.39,82.4588137868596,"Cropland"
"286",4181,607335,0,39.42190933,-8.21483707,110,3112164,25,NA,NA,15.1,11.1,NA,NA,1.62,NA,1.30107647738325,49.6453062922992,"Tree cover"
"294",4324,607343,0,39.23825073,-7.33341122,40,3112197,20,NA,NA,16.5,6.8,NA,NA,2.345,NA,1.68998520703585,55.1809957972847,"Grassland"
"296",4332,607345,0,39.41592026,-8.46093082,60,3112201,20,NA,NA,10.7,5.1,NA,NA,3.95666666666667,NA,1.54403151954011,84.3452010456909,"Cropland"
"298",4345,607347,0,40.48291016,-8.43268394,100,3112206,20,NA,NA,23.6,40.4,NA,NA,0.83,NA,0.381837661840736,19.8535428638812,"Tree cover"
"299",4354,607348,0,40.88595963,-8.59495735,120,3112209,25,NA,NA,19.3,42.8,NA,NA,0.516666666666667,NA,0.128582010146573,15.7367716913383,"Cropland"
"58",1170,607107,0,39.05316162,-9.20909119,130,3111385,55,NA,NA,6.3,10.8,1.6,"{""1:sample type = not specified, calculation = not specified, corrections = not specified, measurement condition = oven dry (~ 105-110 °C)""}",0.273333333333333,NA,0.0763762615825973,20.5834882512473,"Grassland"
"130",2205,607179,0,39.08639145,-9.27384567,18,3111646,18,NA,NA,16.6,12.6,NA,NA,3.29,NA,NA,64.3104882571464,"Grassland"
"131",2206,607180,0,39.08737183,-9.19610596,70,3111647,20,NA,NA,13,7.8,NA,NA,1.49333333333333,NA,1.075003875962,37.8457628859905,"Tree cover"
"132",2215,607181,0,39.37345123,-9.13432217,30,3111650,30,NA,NA,9.6,6.2,NA,NA,1.26,NA,NA,48.8559953615665,"Grassland"
"133",2216,607182,0,39.33332062,-9.26256847,87,3111651,30,NA,NA,21.9,45.5,1.13,"{""1:sample type = not specified, calculation = not specified, corrections = not specified, measurement condition = oven dry (~ 105-110 °C)""}",0.65,NA,0.509116882454314,23.0556200287295,"Grassland"
"137",2270,607186,0,39.13652039,-9.04241562,130,3111665,30,NA,NA,19.2,12.2,NA,NA,1.91,NA,1.20208152801713,67.2909394211645,"Cropland"
"138",2286,607187,0,39.09595108,-9.22191334,110,3111669,25,NA,NA,18.7,8.4,NA,NA,2.675,NA,0.37476659402887,75.4903034107394,"Shrubland"
"141",2336,607190,0,39.08547974,-9.19544601,115,3111681,30,NA,NA,10.5,5.8,NA,NA,1.08,NA,0.410121933088198,42.4527973412827,"Tree cover"
"222",3398,607271,0,39.09151077,-9.27527237,27,3111957,27,NA,NA,16.7,10,NA,NA,2.5,NA,NA,77.0631265623503,"Cropland"
"228",3478,607277,0,39.02798843,-9.40958309,30,3111977,30,NA,NA,11.9,7.3,NA,NA,1.7,NA,NA,62.951116559696,"Cropland"
"232",3512,607281,0,39.06166077,-9.02337074,125,3111987,25,NA,NA,16.1,37.8,1.69,"{""1:sample type = not specified, calculation = not specified, corrections = not specified, measurement condition = oven dry (~ 105-110 °C)""}",0.386666666666667,NA,0.453908948285153,12.1361872034513,"Bare/sparse vegetation"
"233",3521,607282,0,39.17063904,-9.32438946,120,3111990,30,NA,NA,7.7,47.4,NA,NA,0.226666666666667,NA,0.263881286440197,8.55095618000757,"Grassland"
